Prod_output_num,age,click_on_prod,balance,registry_to_use_time,credit_card_paid,active_member,estimated_salary,UID,locations_Taichung,locations_Tainan,locations_Taipei,gender_Female,gender_Male
597,35,8,131101.04,4,1,0,192852.67,9394,1,0,0,1,0
523,40,2,102967.41,4,1,1,128702.1,898,0,0,1,1,0
706,42,8,95386.82,4,1,0,75732.25,2398,0,1,0,1,0
788,32,4,112079.58,4,0,1,89368.59,5906,0,0,1,0,1
706,38,5,163034.82,3,1,0,135662.17,2343,1,0,0,0,1
670,57,3,175575.95,3,1,1,99061.75,8225,0,1,0,1,0
590,34,0,65812.35,3,0,0,160346.3,5506,0,1,0,0,1
636,29,6,157576.47,3,1,0,101102.39,6451,0,1,0,1,0
598,64,9,0,4,0,0,13181.37,2670,0,0,1,1,0
456,63,1,165350.61,3,0,1,140758.07,3497,0,0,1,1,0
498,31,10,0,3,1,1,13892.57,1087,0,0,1,1,0
714,45,8,150900.29,3,0,0,139889.15,1819,0,1,0,0,1
488,33,4,140002.35,4,1,1,123613.81,2308,1,0,0,1,0
562,31,9,117153,4,1,0,108675.01,6084,1,0,0,1,0
772,51,9,143930.92,4,0,0,46675.51,3724,1,0,0,1,0
667,55,9,154393.43,4,1,0,137674.96,3184,1,0,0,0,1
513,43,9,0,3,1,1,152499.8,6387,0,0,1,1,0
675,66,5,115654.47,3,1,0,131970.86,3728,0,1,0,0,1
622,30,4,107879.04,4,0,0,196894.62,2702,0,0,1,1,0
551,45,6,0,3,1,0,51143.43,7883,0,0,1,1,0
663,42,7,115930.87,4,1,1,19862.78,2930,1,0,0,0,1
850,35,2,0,3,1,0,56991.66,5988,0,0,1,0,1
552,34,4,0,3,1,1,140286.69,4890,0,1,0,1,0
444,34,2,144318.97,4,1,1,112668.06,6718,0,0,1,0,1
794,35,6,0,3,1,0,68730.91,5423,0,0,1,0,1
827,46,1,183276.32,4,1,0,13460.27,3213,0,1,0,0,1
590,29,2,166930.76,3,1,1,122487.73,3017,0,1,0,1,0
492,30,10,77168.87,3,0,0,146700.22,382,1,0,0,1,0
498,29,9,0,4,1,1,190035.83,4237,0,0,1,1,0
757,44,4,123322.15,4,1,1,137136.29,4721,0,0,1,1,0
626,34,3,0,3,1,0,37870.29,9547,0,0,1,1,0
655,41,5,0,4,0,1,36548,9477,0,0,1,1,0
483,29,9,0,4,1,0,81634.45,4795,0,0,1,0,1
663,64,6,0,3,0,0,15876.52,4747,0,1,0,0,1
736,36,6,0,4,1,1,70496.66,9366,0,0,1,1,0
786,24,2,120135.55,3,1,0,125449.47,5334,1,0,0,0,1
827,38,5,0,3,0,1,103305.01,6652,0,0,1,0,1
781,27,5,0,3,0,1,72969.9,9032,0,0,1,1,0
701,36,8,0,3,1,1,169161.46,580,0,1,0,0,1
649,35,4,108306.44,4,1,0,192486.24,9491,0,0,1,1,0
574,34,7,152992.91,4,1,0,134691.2,6526,0,0,1,1,0
743,41,7,0,4,1,1,163736.09,4346,0,1,0,0,1
638,55,2,155828.22,4,0,0,108987.25,4974,0,1,0,1,0
805,24,6,143221.35,3,1,1,186035.72,7913,1,0,0,0,1
625,42,6,100047.33,4,1,1,93429.95,5611,1,0,0,0,1
456,29,5,107000.49,4,1,0,153419.62,8480,0,0,1,0,1
657,41,6,112119.48,4,1,1,17536.82,6625,0,1,0,1,0
520,29,8,95947.76,4,1,1,4696.44,5615,0,0,1,1,0
796,50,1,94164,4,1,0,189414.74,5602,0,0,1,1,0
849,27,0,0,3,0,0,157891.86,4857,0,0,1,0,1
619,55,0,0,2,0,1,60810.64,6734,0,0,1,1,0
575,22,8,105229.34,4,1,0,34397.08,8451,0,1,0,1,0
619,35,4,90413.12,4,1,0,20555.21,6332,0,0,1,1,0
800,60,6,88541.57,3,1,0,131718.12,6798,0,0,1,0,1
783,72,5,121215.9,3,1,0,105206.48,5313,0,0,1,1,0
714,33,10,103121.33,3,1,0,49672.01,2821,0,1,0,1,0
701,41,9,164046.1,4,1,1,49405.93,9300,1,0,0,0,1
815,39,6,0,4,1,0,85167.88,2375,0,1,0,1,0
649,45,5,92786.66,4,1,1,173365.9,1478,0,0,1,1,0
672,40,3,0,4,1,1,113171.61,5013,0,0,1,1,0
760,42,0,77992.97,3,1,0,97906.38,1559,1,0,0,0,1
668,45,4,102486.21,3,1,0,158379.25,8885,0,1,0,0,1
706,38,8,0,3,0,0,46635.11,3986,0,1,0,0,1
626,38,7,141074.59,4,1,1,52795.56,4429,0,0,1,0,1
807,47,9,167664.83,4,0,1,125440.11,3951,0,0,1,1,0
688,54,9,0,4,1,1,191212.63,2932,0,0,1,1,0
729,44,6,0,3,1,1,151733.43,6419,0,0,1,0,1
501,41,3,144260.5,4,1,1,172114.67,713,0,0,1,1,0
692,24,2,120596.93,4,0,0,180490.53,8089,1,0,0,0,1
668,56,9,110993.79,4,1,1,134396.64,6058,1,0,0,0,1
516,65,9,102541.1,4,1,1,181490.42,8711,0,1,0,1,0
675,35,8,0,3,1,1,29062.25,4185,0,1,0,0,1
669,29,7,0,3,1,0,138145.62,4379,0,0,1,0,1
684,63,3,81245.79,4,1,1,69643.31,7813,1,0,0,1,0
773,41,5,0,4,1,1,28266.9,843,0,1,0,1,0
498,25,8,121702.73,4,1,0,132210.49,655,1,0,0,0,1
581,54,4,89299.81,4,0,1,5558.47,7219,0,0,1,0,1
668,32,7,0,3,1,0,777.37,982,0,0,1,0,1
432,27,6,62339.81,3,0,1,53874.67,7439,0,0,1,1,0
485,39,2,75339.64,4,1,0,70665.16,8894,0,0,1,1,0
683,57,5,162448.69,4,0,1,9221.78,598,1,0,0,1,0
477,57,9,114023.64,3,1,0,71167.17,5350,0,0,1,1,0
701,23,5,186101.18,3,1,0,76611.33,4221,1,0,0,0,1
696,41,9,127523.75,4,0,0,191417.42,1422,0,1,0,0,1
770,70,9,110738.89,4,1,1,22666.77,3646,0,0,1,1,0
732,67,1,0,3,1,0,177783.04,4387,0,1,0,1,0
657,32,3,118829.03,3,1,0,73127.61,2606,0,0,1,0,1
740,37,9,0,3,1,0,73225.31,4228,0,0,1,1,0
756,39,3,100717.85,2,1,0,73406.04,1096,1,0,0,1,0
657,38,7,0,3,1,1,185827.74,8940,0,0,1,0,1
618,40,1,133245.52,3,1,0,54495.82,5814,1,0,0,1,0
629,44,6,125512.98,3,0,1,79082.76,3706,0,1,0,1,0
544,39,4,142406.43,3,1,1,146637.45,2846,1,0,0,0,1
816,38,5,130878.75,2,1,1,71905.77,467,1,0,0,1,0
643,33,4,0,3,1,0,152992.04,8314,0,0,1,0,1
743,65,2,131935.51,4,1,0,96399.67,4595,1,0,0,0,1
686,31,1,0,3,1,1,4802.25,3725,0,0,1,1,0
834,28,6,0,4,1,1,74287.53,6450,0,0,1,1,0
689,40,5,154251.67,4,0,0,118319.5,6846,0,1,0,1,0
723,28,5,91938.31,4,1,1,143481.85,3891,1,0,0,1,0
639,22,4,0,3,1,1,28188.96,7407,0,0,1,0,1
588,35,3,104356.38,4,1,1,94498.82,5892,1,0,0,0,1
672,39,2,0,3,1,1,87372.49,5301,0,0,1,0,1
643,33,0,137811.75,4,1,0,184856.89,4808,0,0,1,1,0
780,47,7,86006.21,4,1,0,37973.13,8148,0,1,0,0,1
706,35,8,178032.53,4,0,0,42181.68,3931,0,0,1,1,0
613,28,7,76656.4,3,1,0,185483.24,9672,1,0,0,0,1
542,38,8,65942.26,4,1,0,68093.23,1312,0,0,1,0,1
684,45,6,148071.39,4,1,1,183575.01,1942,0,0,1,0,1
818,31,1,186796.37,4,0,1,178252.63,841,0,0,1,1,0
562,38,5,0,4,1,1,115700.2,5792,0,0,1,0,1
576,52,9,170228.59,3,0,1,148477.57,3683,0,0,1,1,0
556,46,3,131764.96,4,1,0,108500.66,8876,0,1,0,0,1
706,68,4,114386.85,4,1,0,28601.68,5660,0,1,0,0,1
666,50,7,109062.28,4,1,0,140136.1,4447,1,0,0,1,0
503,28,5,0,3,1,1,125918.17,3066,0,0,1,1,0
710,24,7,103099.17,3,1,1,173276.62,8135,1,0,0,1,0
612,76,6,96166.88,4,1,0,191393.26,5957,1,0,0,0,1
580,61,8,125921.37,4,1,0,94677.83,4678,0,1,0,0,1
524,22,9,0,3,1,1,74405.34,2869,0,0,1,0,1
651,40,1,134760.21,3,0,1,174434.06,2535,1,0,0,0,1
603,46,2,0,3,1,1,174478.54,5482,0,1,0,0,1
544,44,2,108895.93,4,0,1,69228.2,4302,1,0,0,0,1
518,27,1,133801.49,4,1,0,143315.57,5608,0,0,1,1,0
676,35,0,0,3,0,1,139911.58,7527,0,1,0,0,1
573,47,4,152522.47,4,0,0,164038.07,1534,1,0,0,1,0
677,36,10,68806.84,4,1,1,33075.24,8110,1,0,0,1,0
709,41,3,150300.65,3,1,1,71672.86,6699,0,0,1,1,0
631,41,0,0,4,0,1,87959.83,4696,0,1,0,1,0
697,38,6,132591.36,4,1,0,7387.8,2580,1,0,0,1,0
684,38,5,105069.98,3,1,0,198355.28,7178,0,0,1,0,1
712,74,5,0,3,0,1,151425.82,4644,0,1,0,0,1
779,41,10,99786.2,4,1,1,86927.53,4858,0,0,1,1,0
590,32,9,0,3,1,1,138889.15,5946,0,0,1,0,1
808,39,3,124216.93,4,0,0,171442.36,9822,1,0,0,0,1
644,33,2,0,4,1,1,96420.58,4673,0,0,1,0,1
718,29,3,0,4,0,0,134462.29,3341,0,0,1,1,0
457,41,8,73700.12,2,1,0,185750.02,1376,0,0,1,0,1
636,31,6,0,3,1,0,2382.61,9320,0,0,1,0,1
642,33,9,0,3,1,0,150475.14,6275,0,1,0,1,0
710,33,10,118327.17,3,1,0,192928.82,1308,0,0,1,0,1
656,28,8,120047.77,4,1,0,137173.39,7569,0,1,0,0,1
600,49,6,0,4,0,0,148087.88,7358,0,0,1,1,0
733,33,7,187257.94,4,0,0,190430.81,2252,1,0,0,1,0
604,40,5,155455.43,4,0,0,113581.85,9892,0,1,0,0,1
562,39,6,130565.02,4,1,1,9854.72,8830,1,0,0,1,0
497,27,7,149400.27,4,0,1,167522.19,7980,0,1,0,0,1
500,50,5,0,1,1,0,83866.35,8850,0,1,0,1,0
582,50,2,148942,4,1,0,116944.3,9345,0,0,1,0,1
435,54,3,0,4,1,1,156910.46,9276,0,0,1,0,1
850,56,7,131317.48,4,1,0,119175.45,521,0,0,1,0,1
559,34,5,68999.66,3,1,0,66879.27,3232,0,0,1,1,0
694,30,9,0,3,1,0,26960.31,226,0,0,1,1,0
652,33,3,124832.51,4,1,1,195877.06,3953,0,1,0,1,0
792,59,9,101609.77,4,0,1,161479.19,1427,1,0,0,1,0
655,44,6,146498.76,4,1,1,64853.51,8748,1,0,0,1,0
730,39,6,140094.59,4,1,1,172450.04,8060,0,1,0,1,0
624,51,10,123401.43,3,1,0,127825.25,5525,0,0,1,0,1
615,41,9,109013.23,4,1,1,196499.96,167,0,1,0,1,0
512,32,2,123403.85,3,1,1,80120.19,1103,1,0,0,1,0
608,34,4,88772.87,4,1,0,168822.01,9089,0,0,1,1,0
705,92,1,126076.24,3,1,0,34436.83,6759,0,0,1,0,1
610,31,5,0,3,0,1,63736.36,7648,0,1,0,1,0
787,38,3,158373.23,4,1,0,28228.35,5473,1,0,0,1,0
786,31,9,0,3,1,0,18210.36,2376,0,1,0,0,1
714,31,4,125169.26,4,1,0,106636.89,296,0,0,1,1,0
713,40,3,114446.84,3,1,0,87308.18,1785,1,0,0,0,1
615,41,1,126773.43,4,1,0,55551.26,7684,0,1,0,0,1
640,50,9,117565.03,3,0,1,82559.77,7174,0,0,1,1,0
838,35,0,0,3,0,0,197305.91,4700,0,1,0,0,1
496,30,0,90963.49,4,0,0,27802,5657,0,0,1,0,1
753,35,5,82453.96,3,0,1,18254.75,6492,1,0,0,1,0
608,30,2,91057.37,3,1,1,132973.17,7978,1,0,0,1,0
803,42,5,0,4,1,1,196466.83,1085,0,0,1,0,1
443,54,3,138547.97,4,1,0,70196.23,5888,0,0,1,1,0
680,34,7,0,3,1,1,98949.85,9715,0,1,0,1,0
816,34,2,108410.87,3,1,1,102908.91,8057,1,0,0,1,0
757,29,8,130306.49,4,1,1,77469.38,1402,0,0,1,0,1
602,33,5,0,3,0,0,64038.34,9827,0,1,0,0,1
620,21,9,0,3,0,1,154882.79,3977,0,1,0,0,1
542,34,8,101116.06,4,1,1,196395.05,3652,0,0,1,0,1
544,40,8,0,3,1,1,61581.2,4456,0,0,1,0,1
748,60,0,152335.7,4,1,1,126743.33,4912,0,0,1,0,1
365,30,0,127760.07,4,1,1,81537.85,2579,1,0,0,0,1
619,30,7,70729.17,4,1,0,160948.87,2288,0,0,1,1,0
615,58,3,72309.3,4,1,0,85687.09,8301,1,0,0,0,1
667,39,9,0,3,1,1,68873.8,2090,0,1,0,0,1
592,34,6,102143.93,3,1,0,102628.98,5818,1,0,0,1,0
744,32,4,96106.83,4,1,0,79812.77,2929,1,0,0,0,1
727,34,10,0,3,1,0,198637.34,256,0,0,1,0,1
628,50,4,122227.71,4,0,0,14217.77,3838,1,0,0,0,1
592,41,0,0,3,1,1,65906.07,6049,0,1,0,0,1
756,27,8,0,3,1,0,157932.75,9862,0,0,1,0,1
635,37,9,146748.07,4,0,0,11407.58,4100,1,0,0,1,0
647,47,10,99835.17,4,0,0,89103.05,7977,0,1,0,0,1
829,26,8,101440.36,3,1,0,19324.5,3039,0,1,0,1,0
626,37,6,108269.37,4,1,1,5597.94,334,0,1,0,1,0
755,43,6,165048.5,2,1,1,16929.41,7053,1,0,0,0,1
591,35,2,90194.34,3,1,1,57064.57,9617,1,0,0,1,0
570,43,9,0,3,0,0,11417.26,6939,0,0,1,1,0
599,42,6,0,3,1,1,113868.4,6768,0,1,0,0,1
679,35,8,119182.73,4,0,1,121210.09,779,0,1,0,1,0
775,51,2,123783.25,4,1,0,134901.57,4277,1,0,0,0,1
549,43,3,134985.66,4,1,1,6101.41,1507,1,0,0,1,0
750,33,2,152302.72,4,1,1,71333.44,3776,0,0,1,0,1
609,34,1,0,4,1,0,181177.9,2206,0,0,1,0,1
715,42,6,0,3,1,0,128745.69,6836,0,1,0,0,1
625,44,7,0,4,1,1,4791.8,8461,0,0,1,1,0
588,59,4,0,3,1,0,27435.41,4430,0,1,0,0,1
730,38,5,118866.36,4,1,0,163317.5,7923,0,1,0,0,1
586,38,6,0,3,1,0,37935.83,8249,0,0,1,1,0
765,33,5,84557.82,4,1,0,69039.43,8447,0,1,0,1,0
544,47,5,105245.21,4,0,1,99922.08,6061,1,0,0,0,1
597,60,0,131778.08,4,0,1,10703.53,4643,0,0,1,1,0
542,43,6,113567.94,4,1,1,89543.25,3546,0,1,0,0,1
495,39,8,120252.02,3,1,0,10160.23,7176,1,0,0,0,1
774,32,9,0,3,1,1,10604.48,5141,0,1,0,0,1
744,38,6,73023.17,3,1,1,78770.86,1261,1,0,0,0,1
743,37,8,69143.91,3,0,0,105780.18,2128,0,0,1,0,1
627,24,5,102773.2,3,1,1,56793.02,9748,1,0,0,0,1
497,41,9,0,4,0,1,22074.48,2849,0,0,1,0,1
516,37,8,0,4,1,1,101834.58,4168,0,0,1,0,1
597,29,1,132144.35,4,1,1,158086.33,5355,0,0,1,1,0
752,42,3,65046.08,3,0,0,140139.28,992,1,0,0,1,0
563,35,3,106250.72,4,0,1,39546.32,5498,0,0,1,0,1
825,36,3,146053.66,4,1,0,138344.7,6714,0,0,1,1,0
747,41,5,0,3,1,0,22750.17,2054,0,0,1,0,1
755,78,5,121206.96,4,1,0,76016.49,9333,0,0,1,1,0
838,34,8,0,3,1,1,27472.07,1536,0,0,1,1,0
435,44,3,151739.65,4,1,1,167461.5,9071,1,0,0,0,1
542,39,3,135096.77,4,1,0,14353.43,487,0,0,1,0,1
699,39,2,109724.38,4,1,0,180022.39,9228,0,0,1,0,1
761,34,2,0,3,1,1,61251.25,7325,0,1,0,1,0
636,24,9,0,3,0,0,38830.72,6005,0,0,1,1,0
670,37,2,0,3,1,0,54229.74,7230,0,0,1,0,1
697,35,5,133087.76,4,1,1,64771.61,7235,0,0,1,0,1
586,34,5,168094.01,4,0,1,20058.61,2890,0,1,0,0,1
593,41,6,0,4,1,1,65170.66,578,0,0,1,1,0
720,52,7,0,4,1,0,14781.12,651,0,0,1,0,1
811,34,1,149297.19,3,1,0,186339.74,272,1,0,0,1,0
576,29,7,130575.26,4,0,0,173629.78,8083,1,0,0,0,1
756,34,2,148200.72,4,0,1,194584.48,7810,1,0,0,1,0
672,34,1,142151.75,3,1,0,168753.34,1997,0,0,1,1,0
602,39,6,154121.32,3,1,1,176614.86,7049,0,0,1,1,0
704,37,4,0,3,0,1,25684.93,2436,0,1,0,0,1
687,39,7,0,3,1,1,26848.25,2006,0,0,1,0,1
614,37,9,0,3,1,0,62023.1,6877,0,1,0,1,0
850,42,8,119839.69,4,0,0,51016.02,4608,1,0,0,0,1
626,34,7,113014.7,3,1,0,56646.28,7481,0,0,1,0,1
648,34,3,95039.73,3,1,0,147055.87,1946,1,0,0,0,1
812,29,6,0,3,0,1,168023.6,7415,0,0,1,0,1
399,46,2,127655.22,4,1,1,139994.68,1201,1,0,0,0,1
703,73,5,137761.55,4,1,0,159677.46,3813,0,1,0,0,1
632,48,6,126066.26,4,1,1,64345.61,4033,1,0,0,0,1
609,32,4,99883.16,4,1,0,120594.85,7473,0,1,0,0,1
525,33,4,131023.76,3,0,1,55072.93,3667,1,0,0,0,1
850,20,7,0,3,1,1,31288.77,1730,0,0,1,0,1
529,39,6,102025.08,3,1,1,12351.01,8709,0,0,1,0,1
676,28,1,69459.05,3,1,0,128461.29,5567,1,0,0,0,1
664,40,9,0,3,1,1,194767.3,6837,0,0,1,0,1
625,40,7,141267.67,4,0,0,177397.49,3812,0,0,1,1,0
670,40,2,147171.2,4,0,0,69850.04,6740,1,0,0,1,0
684,42,3,103210.27,4,1,1,31002.03,4676,0,1,0,1,0
669,45,7,149364.58,4,0,0,173454.07,1283,0,0,1,0,1
686,35,2,109342.82,3,0,0,86043.27,1455,1,0,0,0,1
721,40,7,0,3,1,0,122580.48,5322,0,0,1,1,0
819,28,8,168253.21,4,1,0,102799.14,9792,0,1,0,1,0
715,41,8,56214.85,3,0,1,92982.61,190,0,0,1,1,0
522,34,3,0,3,1,0,3894.34,4645,0,0,1,1,0
543,36,4,0,3,1,0,141210.5,565,0,0,1,0,1
691,38,5,114753.76,4,1,1,107665.02,2501,1,0,0,1,0
737,28,8,0,3,1,1,106390.01,9368,0,0,1,0,1
550,38,2,103391.38,4,0,0,90878.13,48,1,0,0,0,1
760,49,9,91502.99,4,1,1,117232.9,1611,1,0,0,1,0
707,40,1,0,3,1,1,14090.4,9482,0,0,1,0,1
802,39,7,120145.96,3,0,0,59497.01,6821,0,0,1,1,0
723,34,5,0,3,0,0,12092.03,2043,0,0,1,0,1
572,35,4,152390.26,4,1,1,128123.66,377,0,1,0,0,1
615,39,5,113193.51,3,1,0,52166.25,4413,1,0,0,0,1
641,41,7,104405.54,2,1,1,17384.21,5607,1,0,0,0,1
637,60,3,0,3,1,0,70174.03,4087,0,0,1,0,1
812,38,3,127117.8,3,1,0,174822.74,6755,0,1,0,0,1
685,57,7,101868.51,4,0,0,113483.96,1495,1,0,0,0,1
456,32,9,133060.63,4,1,0,125167.92,2081,1,0,0,0,1
678,28,5,138668.18,4,1,0,54144.01,7612,0,1,0,0,1
600,35,4,143744.77,3,1,1,104076.51,2201,0,0,1,0,1
661,42,3,0,3,1,1,35989.41,1382,0,1,0,1,0
602,26,8,113674.2,4,1,1,197861.16,8960,1,0,0,1,0
791,36,6,111168.97,4,1,0,189969.91,4737,0,0,1,0,1
750,33,3,161801.47,4,0,0,153288.97,6948,0,1,0,1,0
716,22,8,0,3,1,0,92606.98,3086,0,0,1,1,0
559,43,1,0,3,1,0,196645.87,4339,0,0,1,1,0
695,42,0,0,3,0,0,140724.64,8339,0,0,1,1,0
508,64,2,0,4,1,0,6076.62,6152,0,0,1,1,0
531,31,2,118899.45,3,0,1,41409.36,5461,0,1,0,0,1
635,34,3,134692.4,3,1,0,83773.02,7805,0,0,1,0,1
751,29,10,147737.63,4,0,0,94951.27,5228,0,0,1,0,1
679,60,6,0,3,1,0,77331.77,2685,0,0,1,0,1
507,33,1,113452.66,4,0,1,142911.99,5725,0,0,1,1,0
605,56,1,74129.18,3,1,0,62199.78,8051,1,0,0,1,0
748,38,4,115221.36,4,0,0,70956.75,7655,0,0,1,0,1
689,46,7,52016.08,3,1,0,72993.65,8544,0,0,1,1,0
648,43,7,139972.18,4,1,1,143668.58,4007,0,0,1,1,0
577,59,7,111396.97,4,0,0,191070.01,8195,1,0,0,1,0
825,32,9,0,3,0,1,9751.03,6985,0,0,1,0,1
779,49,9,106160.37,4,0,1,116893.87,9698,0,0,1,0,1
550,44,9,0,3,1,1,26257.01,6488,0,0,1,0,1
563,33,8,0,3,0,0,68815.05,2587,0,0,1,0,1
443,59,4,110939.3,4,1,1,72846.58,8221,1,0,0,0,1
656,41,2,0,3,1,1,158973.77,4534,0,0,1,0,1
630,50,8,0,3,0,0,79377.45,5416,0,0,1,0,1
664,39,7,60263.23,4,1,1,170835.32,2284,1,0,0,0,1
705,33,5,116765.7,4,0,1,190659.17,3358,1,0,0,1,0
633,30,6,0,3,0,1,41642.29,834,0,0,1,1,0
672,34,8,0,3,1,0,16245.25,5667,0,0,1,1,0
811,47,3,123365.34,3,0,1,171995.34,8046,0,0,1,1,0
677,40,5,0,3,1,1,88947.56,3169,0,1,0,0,1
632,23,3,122478.51,4,1,1,147230.77,8018,1,0,0,0,1
590,51,3,154962.99,2,0,0,191932.27,555,0,1,0,1,0
531,36,9,99240.51,4,1,1,123137.01,265,0,1,0,1,0
845,52,0,0,4,1,1,31726.76,3637,0,1,0,1,0
595,31,4,0,3,1,1,189995.86,1109,0,0,1,0,1
789,27,6,0,3,1,1,103603.65,7346,0,0,1,0,1
665,43,2,116322.27,1,1,1,35640.12,7457,1,0,0,1,0
631,33,4,123246.7,4,0,1,112687.57,159,1,0,0,1,0
678,38,2,0,3,0,1,115068.99,1106,0,0,1,1,0
673,72,1,0,3,0,0,111981.19,230,0,0,1,0,1
651,37,10,117791.06,3,1,0,75837.58,7467,1,0,0,1,0
589,37,6,138497.84,4,0,0,18988.58,6642,0,0,1,1,0
756,40,1,94773.11,4,1,1,114279.63,9802,0,0,1,0,1
798,32,7,0,3,0,0,37731.95,3071,0,0,1,0,1
647,35,6,112668.7,4,0,0,122584.29,9543,0,0,1,1,0
748,39,3,157371.54,4,0,0,97734.3,7070,0,0,1,1,0
727,18,2,93816.7,3,1,1,126172.11,9520,1,0,0,1,0
517,39,3,0,3,0,0,12465.51,4813,0,1,0,0,1
746,49,7,0,3,0,0,10096.25,7854,0,1,0,0,1
738,35,6,101744.84,4,0,1,85185.44,2113,1,0,0,0,1
724,28,9,0,3,1,0,100240.2,2585,0,0,1,0,1
798,37,4,111723.08,4,1,0,83478.12,1824,0,0,1,1,0
829,38,9,0,3,1,1,30529.88,1813,0,0,1,0,1
702,43,6,116121.67,4,1,1,61602.42,8310,0,1,0,0,1
652,46,10,121063.8,2,1,1,151481.86,4520,1,0,0,0,1
584,32,8,40172.91,4,1,0,137439.34,4568,1,0,0,0,1
568,46,8,150836.92,4,0,1,64516.8,7037,1,0,0,0,1
757,28,7,120911.75,3,1,0,131249.46,3585,0,0,1,0,1
705,43,10,146547.78,4,0,0,10072.55,2007,1,0,0,1,0
664,38,4,74306.19,3,1,1,154395.56,8849,0,0,1,1,0
432,42,9,152603.45,4,1,1,110265.24,125,0,0,1,0,1
655,38,4,0,3,0,1,110527.71,1149,0,0,1,0,1
473,32,5,146602.25,3,1,0,72946.95,9098,1,0,0,1,0
809,24,4,0,3,1,1,193518.76,1121,0,0,1,1,0
545,26,1,0,3,1,0,199638.56,247,0,0,1,1,0
641,31,9,112494.99,4,1,0,32231.6,9371,0,0,1,0,1
655,38,3,250898.09,2,0,0,81054,2092,0,1,0,0,1
773,52,2,0,3,1,1,57337.79,9534,0,1,0,0,1
645,68,9,0,1,1,0,176353.87,5235,0,0,1,1,0
629,31,6,0,4,1,0,16447.6,3274,0,0,1,1,0
793,34,5,127758.09,4,1,1,143357.03,6552,1,0,0,1,0
518,42,7,151027.05,3,1,1,119377.36,9970,0,0,1,0,1
589,34,6,0,3,1,0,177896.92,693,0,0,1,0,1
673,41,5,0,4,1,0,65657.29,5367,0,0,1,0,1
636,28,2,115265.14,4,0,1,191627.85,5053,1,0,0,1,0
742,27,5,190125.43,3,0,1,21793.59,9298,1,0,0,0,1
570,58,8,0,4,0,0,116503.92,499,0,0,1,1,0
453,40,1,111524.49,4,1,0,120373.84,7398,1,0,0,1,0
794,55,6,115796.7,4,1,1,160526.36,6575,1,0,0,1,0
608,66,8,123935.35,4,1,0,65758.19,5777,0,1,0,0,1
697,43,8,103409.16,4,1,1,66893.28,8726,1,0,0,0,1
709,42,9,118546.71,4,0,0,77142.85,5741,0,0,1,0,1
713,38,9,72286.84,3,1,0,26136.89,2183,0,0,1,0,1
726,34,9,0,3,0,1,14121.61,1176,0,0,1,0,1
691,34,8,133936.04,3,1,1,91359.79,5529,0,0,1,0,1
609,53,10,0,4,1,0,154642.91,1029,0,1,0,0,1
529,31,2,164003.05,3,1,0,60993.23,4945,0,0,1,1,0
793,39,3,137817.52,4,0,1,83997.79,6425,0,0,1,0,1
680,23,5,140007.19,4,0,0,31714.08,3932,0,0,1,0,1
575,37,9,133292.45,4,1,1,111175.09,3181,0,1,0,1,0
572,48,3,152827.99,4,1,1,38411.79,528,1,0,0,1,0
680,34,3,143292.95,4,1,1,66526.01,3850,0,0,1,0,1
506,32,8,0,3,0,0,182692.8,6665,0,1,0,0,1
648,37,6,131753.41,4,1,1,86894.67,9416,1,0,0,0,1
524,30,1,0,3,1,1,126812.85,3222,0,0,1,0,1
728,37,4,0,4,0,1,4539.38,2017,0,1,0,1,0
614,49,1,0,3,1,1,192440.54,9151,0,0,1,0,1
690,26,5,157624.84,4,1,0,49599.27,3402,0,0,1,1,0
545,37,9,95829.13,3,0,0,104936.88,7509,1,0,0,0,1
602,53,5,98268.84,4,0,0,45038.29,6412,1,0,0,1,0
659,54,8,133436.52,4,1,1,56787.8,4752,0,0,1,0,1
445,48,7,168286.58,4,1,1,16645.77,6561,1,0,0,1,0
674,34,2,152797.9,4,1,1,175709.4,1748,1,0,0,0,1
758,33,7,0,4,1,1,188156.34,6591,0,0,1,1,0
752,44,6,83870.33,4,1,1,178722.24,3147,0,1,0,0,1
782,34,6,147422.44,4,0,0,42143.61,2036,0,1,0,0,1
684,27,2,134603.88,4,1,0,71725.73,9,0,0,1,0,1
677,35,0,0,3,0,1,76637.38,5121,0,1,0,1,0
735,55,2,103176.62,4,0,0,163516.16,3374,0,1,0,0,1
850,44,3,140393.65,3,0,0,186285.52,6027,1,0,0,0,1
717,35,4,0,4,1,0,167573.06,5523,0,0,1,0,1
534,53,7,0,3,1,0,80619.17,5505,0,0,1,1,0
567,36,7,0,3,0,0,3896.08,8362,0,0,1,0,1
538,30,8,0,3,1,0,41192.95,2817,0,1,0,1,0
619,40,10,0,4,1,0,147093.84,3114,0,0,1,1,0
641,37,7,62974.64,3,0,0,39016.43,2734,1,0,0,1,0
648,31,5,0,3,1,0,5199.02,7892,0,1,0,1,0
628,37,0,0,3,1,0,171707.93,1132,0,0,1,0,1
659,56,9,123785.24,4,1,1,99504.03,2268,0,0,1,1,0
695,44,8,0,3,1,0,70974.13,2506,0,1,0,0,1
759,42,4,105420.18,4,0,0,121409.06,201,0,0,1,0,1
815,38,2,48387,4,1,1,184796.84,8330,0,1,0,1,0
722,40,6,89175.06,3,0,0,152883.95,8185,1,0,0,1,0
686,34,1,0,3,1,1,87278.48,5891,0,0,1,1,0
759,45,8,0,3,1,0,99251.24,7945,0,0,1,1,0
514,30,7,0,4,0,0,125010.24,221,0,1,0,0,1
758,39,6,127357.76,4,0,0,56577,454,0,0,1,1,0
703,37,8,105961.68,3,0,0,74158.8,242,0,0,1,0,1
601,44,3,0,3,1,1,30607.11,2892,0,0,1,0,1
638,42,8,145177.84,4,1,1,193471.74,7731,1,0,0,0,1
590,27,8,123599.49,3,1,1,1676.92,4254,1,0,0,1,0
599,43,4,0,4,1,1,170347.1,6712,0,0,1,1,0
497,55,7,131778.66,4,1,0,9972.64,3828,1,0,0,1,0
611,30,9,0,3,1,0,148887.69,8655,0,0,1,0,1
692,29,4,0,4,1,1,76755.99,1095,0,0,1,0,1
716,41,8,126145.54,3,1,0,138051.19,8006,1,0,0,0,1
556,61,2,117419.35,4,1,0,94153.83,42,0,0,1,1,0
713,46,5,0,4,1,0,55701.62,5868,0,0,1,0,1
614,43,6,0,3,1,0,109041.53,154,0,0,1,1,0
651,37,9,114453.58,4,0,0,175820.91,6694,1,0,0,0,1
692,29,4,0,3,0,1,138880.24,8132,0,1,0,1,0
636,34,8,0,3,1,1,38570.13,6685,0,0,1,0,1
668,32,10,92041.87,4,1,0,43595.9,1379,1,0,0,1,0
775,45,8,0,4,1,1,130376.68,6041,0,0,1,0,1
743,36,8,92716.96,4,1,0,33693.78,4757,0,1,0,1,0
780,51,4,126725.25,4,1,1,195259.31,8072,1,0,0,0,1
662,37,5,0,3,1,1,151871.84,4546,0,0,1,1,0
617,51,10,167273.71,4,0,1,93439.75,9693,1,0,0,1,0
591,36,7,135216.8,4,1,0,122022.89,1593,0,1,0,0,1
734,52,6,71283.09,3,0,0,38984.37,9262,1,0,0,1,0
605,36,9,0,3,0,0,35521.63,7699,0,1,0,1,0
510,30,0,0,3,1,0,130553.47,176,0,0,1,1,0
641,25,10,0,3,1,0,180808.39,9334,0,1,0,0,1
595,39,7,120962.13,4,0,1,23305.01,3696,0,0,1,1,0
653,30,4,0,3,1,1,120736.04,3140,0,1,0,0,1
757,34,1,129398.01,3,0,1,44965.44,3079,1,0,0,1,0
638,24,1,0,3,0,0,162597.15,3981,0,0,1,0,1
580,32,9,142188.2,3,0,0,128028.6,8276,0,1,0,0,1
729,39,1,131513.26,4,1,0,193715,8845,1,0,0,1,0
691,29,9,116536.43,4,1,1,51987.99,7602,0,0,1,1,0
510,50,7,123936.54,4,1,0,23768.01,6968,1,0,0,1,0
451,33,6,0,3,1,1,184954.11,3118,0,0,1,0,1
630,26,7,129837.72,3,0,0,197001.15,2613,0,0,1,0,1
529,44,1,0,3,0,1,14161.3,6825,0,1,0,1,0
756,31,10,122647.32,4,0,1,61666.87,6748,0,0,1,0,1
774,52,2,56580.93,4,1,1,113266.28,2434,0,0,1,1,0
712,39,5,163097.55,3,1,0,23702.42,7450,0,1,0,1,0
506,41,3,57745.76,4,1,1,4035.46,1645,1,0,0,1,0
687,34,7,111388.18,3,1,1,148564.76,189,1,0,0,1,0
712,29,3,87375.78,3,0,1,166194.53,4135,0,0,1,1,0
534,35,2,81951.74,3,1,1,115668.53,3510,0,0,1,0,1
546,30,5,0,3,0,0,198543.09,9054,0,0,1,1,0
613,40,4,0,4,0,1,151325.24,9983,0,0,1,0,1
686,26,7,0,3,1,1,1540.89,4214,0,0,1,0,1
493,36,2,0,3,0,0,99770.3,8789,0,0,1,1,0
663,37,7,0,4,1,0,185210.63,1644,0,0,1,1,0
622,42,9,0,3,1,1,119127.06,8034,0,1,0,0,1
639,32,9,0,3,1,1,111340.36,5186,0,0,1,0,1
545,53,5,114421.55,4,1,1,180598.28,4001,1,0,0,0,1
810,35,3,96814.46,3,1,0,120511.03,3100,1,0,0,0,1
644,46,6,12459.19,4,0,1,156787.34,5686,0,1,0,1,0
695,39,4,65521.2,4,1,0,1243.97,8128,0,1,0,0,1
619,38,3,96143.47,4,0,1,98994.92,8259,0,1,0,0,1
549,31,9,135020.21,3,1,0,23343.18,2411,1,0,0,1,0
597,41,4,145809.53,3,1,0,52319.26,7062,0,0,1,1,0
615,43,3,86920.86,4,1,0,150048.37,7577,1,0,0,0,1
510,44,4,123070.89,4,1,1,28461.29,8662,1,0,0,1,0
520,31,4,93249.4,4,1,1,77335.75,6554,0,0,1,0,1
630,67,5,0,3,1,0,27330.27,3368,0,0,1,0,1
646,39,9,111574.41,4,1,0,30838.51,597,1,0,0,0,1
451,38,9,61482.47,4,1,0,167538.66,2476,1,0,0,1,0
724,34,3,132352.69,4,1,1,80320.3,8204,0,0,1,1,0
596,54,0,78126.28,4,1,0,153482.91,3790,0,1,0,1,0
631,29,2,96863.52,3,1,0,31613.35,5034,1,0,0,1,0
512,75,2,0,4,1,1,123304.62,4501,0,0,1,1,0
667,45,3,0,3,0,1,163655.01,7986,0,1,0,0,1
593,69,2,187013.13,3,0,0,105898.69,6046,1,0,0,0,1
733,35,8,102918.38,4,1,0,45959.86,5399,0,1,0,0,1
706,47,10,144090.42,4,1,1,140938.95,8734,1,0,0,1,0
838,43,9,123105.88,3,1,1,145765.83,994,0,1,0,0,1
620,42,9,121490.05,4,1,0,29296.74,5562,0,1,0,0,1
700,46,5,95872.86,4,1,1,98273.01,6376,0,0,1,0,1
821,37,5,106453.53,3,0,0,127413,2784,1,0,0,1,0
691,52,3,0,4,1,1,175843.68,1468,0,0,1,0,1
559,46,5,0,4,1,1,21006.1,5232,0,0,1,1,0
503,42,8,104430.08,4,1,0,147557.71,3065,0,0,1,0,1
647,64,1,91216,4,1,0,41800.18,4490,0,1,0,1,0
711,38,10,0,3,0,1,53311.78,2500,0,0,1,0,1
693,47,8,107604.66,4,1,0,80149.27,8938,0,1,0,0,1
636,36,5,117559.05,3,1,0,111573.3,9291,0,0,1,0,1
710,41,2,156067.05,4,1,0,9983.88,491,0,0,1,1,0
716,18,3,128743.8,4,0,1,197322.13,2021,1,0,0,1,0
615,30,8,0,3,0,1,3183.15,4299,0,0,1,0,1
601,42,9,133636.16,4,0,0,103315.74,799,1,0,0,1,0
844,40,7,113348.14,4,1,1,31904.31,1069,0,0,1,0,1
743,46,9,0,4,1,1,113436.08,8410,0,0,1,1,0
684,38,4,0,2,1,1,75609.84,9436,0,0,1,0,1
595,45,9,106000.12,4,0,1,191448.96,5099,1,0,0,1,0
633,58,6,98308.51,4,1,0,132034.13,2227,0,1,0,0,1
509,25,3,108738.71,3,1,1,106920.57,462,0,1,0,1,0
669,57,5,0,3,1,0,56875.76,5794,0,0,1,0,1
666,36,4,120165.4,3,1,1,33701.5,7359,0,0,1,0,1
584,40,4,82441.75,4,0,1,80852.11,9213,0,0,1,1,0
746,25,3,104833.79,4,0,1,71911.3,3566,0,1,0,1,0
718,37,7,0,3,1,0,55100.09,4539,0,0,1,1,0
694,37,3,0,3,1,0,147012.22,836,0,1,0,1,0
697,63,7,148368.02,4,0,1,118862.08,8562,0,0,1,0,1
662,36,4,166909.2,3,1,1,138871.12,1761,0,0,1,1,0
620,29,1,138740.24,3,0,1,154700.61,2948,0,0,1,1,0
792,34,1,0,4,0,0,86330.32,4558,0,0,1,0,1
598,35,8,114212.6,4,1,0,74322.85,6353,0,0,1,0,1
708,51,8,70754.18,4,1,0,92920.04,9750,0,0,1,1,0
673,51,8,79563.36,3,1,0,172200.91,9474,0,0,1,0,1
635,42,1,146766.72,3,0,0,164357.1,4848,0,0,1,0,1
676,20,1,80569.73,4,0,1,68621.98,3030,0,0,1,0,1
584,41,3,0,3,1,0,160095.48,8899,0,0,1,1,0
711,28,8,0,3,1,0,64286.39,3842,0,0,1,0,1
713,33,6,94598.48,4,0,1,197519.66,3456,0,0,1,0,1
696,38,6,142316.14,4,1,0,8018.49,1835,1,0,0,0,1
824,77,3,27517.15,3,0,0,2746.41,6721,1,0,0,0,1
776,43,4,0,3,0,0,162137.5,8754,0,0,1,1,0
754,40,2,160625.17,4,0,0,3554.63,8643,0,1,0,0,1
613,37,9,108286.5,4,1,0,114153.44,2193,0,0,1,0,1
427,40,8,0,3,1,0,82870.75,9083,0,1,0,0,1
712,40,3,109308.79,3,1,1,120158.72,2639,1,0,0,1,0
765,51,3,123372.3,4,1,0,115429.32,2031,0,0,1,0,1
708,34,4,0,4,1,0,62868.33,7188,0,0,1,1,0
679,32,0,88335.05,4,0,1,159584.81,3856,1,0,0,1,0
699,34,4,185173.81,3,1,1,120834.48,119,1,0,0,0,1
603,35,6,128993.76,3,1,1,130483.56,2620,0,0,1,0,1
490,33,5,96341,3,0,1,108313.34,4855,1,0,0,0,1
596,39,9,0,4,1,1,48963.59,424,0,0,1,0,1
543,37,8,140894.06,3,1,0,118059.19,9517,1,0,0,0,1
452,60,6,121730.49,4,1,0,142963.29,4055,0,0,1,1,0
684,18,9,90544,4,0,0,4777.23,7722,1,0,0,0,1
708,32,10,86614.06,3,1,0,172129.26,3990,0,0,1,0,1
525,57,2,145965.33,4,1,0,64448.36,320,0,1,0,1,0
668,30,8,0,3,1,1,138465.7,8724,0,1,0,1,0
646,30,5,0,3,1,1,13935.32,9204,0,0,1,1,0
489,51,3,0,3,0,0,174098.28,4653,0,0,1,1,0
682,42,0,0,4,1,0,160828.98,2754,0,0,1,0,1
762,36,5,119547.46,4,1,0,42693.65,7610,0,0,1,0,1
473,39,9,117103.26,3,1,0,85937.52,6756,0,0,1,1,0
641,42,9,132657.55,4,1,1,35367.19,2972,0,1,0,0,1
787,51,0,58137.08,4,0,0,142538.31,4392,0,0,1,0,1
624,34,6,0,4,1,1,582.59,8117,0,1,0,1,0
582,35,8,121309.17,3,1,0,28750.67,9230,1,0,0,0,1
427,39,9,0,3,1,1,28368.37,7991,0,1,0,1,0
737,50,4,127552.85,3,1,1,4225.11,9335,1,0,0,0,1
521,34,7,70731.07,4,1,0,20243.97,1454,0,1,0,1,0
548,35,10,0,4,1,0,31299.71,1167,0,0,1,1,0
771,56,2,0,4,1,0,25222.6,5561,0,1,0,1,0
618,39,2,91068.56,4,1,1,26578.69,3023,0,0,1,0,1
575,49,7,121205.15,1,1,0,168080.53,5010,1,0,0,0,1
652,37,9,145219.3,4,1,1,159132.83,3594,1,0,0,1,0
457,44,7,0,3,0,1,185992.36,6902,0,1,0,0,1
770,68,2,183555.24,4,0,1,159557.28,8098,0,0,1,1,0
691,30,9,0,4,1,1,49594.02,6883,0,0,1,0,1
789,27,8,66201.96,4,1,0,79458.12,4639,0,0,1,1,0
490,31,3,145260.23,4,0,0,114066.77,36,0,1,0,0,1
765,42,4,123311.39,3,1,0,82868.34,9691,0,0,1,0,1
741,35,6,74371.49,4,0,1,99595.67,9980,0,1,0,0,1
683,35,9,61172.04,4,0,1,82951.12,9616,0,1,0,0,1
655,32,2,0,4,1,0,71047.51,8750,0,0,1,1,0
729,44,5,0,3,0,0,9200.54,920,0,0,1,0,1
669,33,9,0,3,0,0,107221.03,9946,0,0,1,1,0
850,45,5,174088.3,1,1,1,5669.31,4166,0,1,0,1,0
674,39,6,120193.42,4,0,1,100130.95,121,0,1,0,0,1
715,45,4,0,3,1,0,55043.93,9742,0,0,1,0,1
592,70,5,71816.74,3,1,1,105096.82,8488,1,0,0,1,0
644,44,8,106022.73,3,0,1,148727.42,5425,1,0,0,1,0
726,50,9,94504.35,4,0,0,5078.9,5447,1,0,0,0,1
704,32,7,127785.17,1,0,1,184464.7,2124,0,0,1,0,1
648,54,9,120633.42,4,0,1,5924.38,1351,0,0,1,1,0
820,39,9,111336.89,4,1,1,16770.31,8780,1,0,0,0,1
468,36,3,61636.97,4,0,1,107787.42,3431,0,0,1,0,1
680,37,4,0,3,1,1,61240.87,7149,0,0,1,0,1
745,36,8,145071.24,4,0,1,6078.46,692,1,0,0,0,1
667,37,5,92171.35,2,1,1,178106.34,2032,1,0,0,1,0
540,22,4,0,2,1,0,186233.26,2431,0,0,1,0,1
498,34,5,0,3,1,0,91711.66,1297,0,0,1,0,1
662,64,0,98848.19,4,0,0,42730.12,6706,0,0,1,0,1
642,22,10,111812.52,3,1,0,183045.46,9796,1,0,0,0,1
641,40,2,110086.69,4,1,1,159773.14,2569,1,0,0,1,0
624,45,3,68639.57,4,1,1,168002.31,2530,0,0,1,1,0
603,39,5,162390.52,3,1,1,54702.66,8187,0,1,0,1,0
446,32,8,0,3,0,1,133292.94,1654,0,0,1,0,1
710,30,10,0,3,1,1,19500.1,9569,0,1,0,1,0
590,32,0,127763.24,4,1,1,100717.54,4492,0,0,1,1,0
663,31,4,103430.11,3,0,0,36479.27,3636,0,1,0,0,1
584,29,4,0,3,1,1,88866.92,5221,0,1,0,1,0
628,51,10,115280.49,3,0,1,12628.61,7080,1,0,0,1,0
539,38,8,71460.67,3,1,0,10074.05,1514,0,1,0,0,1
754,32,7,0,3,1,1,89520.75,150,0,1,0,1,0
564,28,1,0,4,1,0,162428.05,2774,0,0,1,1,0
626,39,10,132287.92,2,1,0,51467.92,4064,1,0,0,0,1
655,27,2,131691.33,4,1,1,49480.66,5122,0,0,1,0,1
545,33,1,132527.9,3,0,0,107429.71,7982,1,0,0,0,1
705,36,1,111629.29,4,1,0,21807.16,9133,0,1,0,0,1
604,34,3,0,3,1,1,38587.7,6277,0,1,0,1,0
733,74,3,106545.53,4,1,0,134589.58,888,1,0,0,0,1
546,42,9,86351.85,3,1,1,57380.13,6810,1,0,0,1,0
738,49,3,0,2,1,0,65066.48,7556,0,1,0,0,1
784,38,5,136712.91,4,0,0,169920.92,4310,0,0,1,0,1
652,27,2,166527.88,3,0,0,146007.7,2797,1,0,0,0,1
777,29,2,0,3,1,1,124489.88,9538,0,0,1,0,1
713,45,4,131038.14,4,1,1,74005.04,7688,1,0,0,0,1
439,52,3,96196.24,1,1,1,198874.52,2872,0,1,0,0,1
610,45,3,0,4,1,1,38276.84,4634,0,1,0,1,0
850,55,10,98488.08,4,1,1,155879.57,5134,0,0,1,1,0
850,42,0,0,3,1,1,44165.84,2550,0,0,1,0,1
543,46,5,140355.6,4,1,0,85086.78,4959,0,1,0,1,0
699,22,9,99339,4,1,1,68297.61,8412,0,0,1,0,1
726,34,0,185734.75,4,1,0,102036.82,5764,0,0,1,1,0
636,34,3,0,3,1,0,44756.25,1766,0,0,1,1,0
613,43,4,140681.68,4,0,0,20134.07,7297,1,0,0,1,0
724,31,2,160997.54,3,0,0,64831.36,7432,1,0,0,0,1
466,41,3,33563.95,3,1,1,178994.13,4964,0,0,1,1,0
655,67,6,148363.38,4,1,0,186995.17,9557,1,0,0,0,1
600,46,10,95502.21,4,0,1,19842.18,6651,0,0,1,0,1
660,61,5,155931.11,4,1,0,158338.39,44,0,1,0,1,0
612,31,8,117989.76,4,1,0,54129.86,3944,0,0,1,1,0
510,65,2,0,3,1,0,48071.61,181,0,0,1,0,1
612,33,0,64900.32,3,1,1,102426.12,5941,0,0,1,1,0
609,71,6,113317.1,4,1,1,108258.22,7499,1,0,0,1,0
850,27,6,96654.72,3,0,1,152740.16,7857,0,0,1,0,1
745,36,9,0,4,1,1,19605.18,6727,0,0,1,1,0
527,53,8,0,4,1,0,51711.57,7065,0,1,0,0,1
762,53,1,102520.37,4,1,0,170195.4,3051,0,0,1,0,1
602,38,7,111835.94,3,1,1,124389.61,4298,0,0,1,0,1
686,41,10,0,4,1,1,133086.45,6520,0,0,1,1,0
438,38,2,0,3,1,1,136859.55,7041,0,0,1,0,1
528,46,9,135555.66,4,1,1,133146.03,1373,1,0,0,1,0
587,36,1,0,3,0,0,17135.6,8497,0,0,1,0,1
836,32,4,109196.67,3,1,1,55218.02,8214,1,0,0,1,0
607,32,9,144272.07,3,1,1,176580.63,9189,1,0,0,0,1
692,43,10,118588.83,4,1,0,161241.65,9934,1,0,0,1,0
778,47,6,127299.34,3,1,1,124694.99,449,0,1,0,1,0
615,49,3,0,3,1,0,49872.33,1156,0,0,1,0,1
850,38,1,106871.81,3,1,1,29333.01,2137,0,0,1,1,0
622,26,8,0,3,1,0,124964.82,6667,0,1,0,1,0
749,33,10,76692.22,4,0,0,30396.43,7780,1,0,0,1,0
603,35,9,145623.36,4,1,1,163181.62,7061,1,0,0,1,0
756,44,10,137452.09,4,1,1,189543.9,140,1,0,0,0,1
764,28,10,124023.18,4,1,1,166188.28,2448,1,0,0,0,1
629,37,1,35549.81,3,0,1,49676.33,8251,1,0,0,1,0
811,42,10,0,3,1,0,3797.79,4960,0,0,1,0,1
650,47,9,0,4,1,1,187943.6,9459,0,0,1,1,0
850,39,2,0,3,1,1,179451.42,8302,0,0,1,1,0
609,35,2,147900.43,4,1,1,140000.29,6020,0,0,1,1,0
757,30,6,161378.02,4,0,1,71926.28,5680,1,0,0,1,0
579,33,1,65667.79,3,0,1,164608.98,6848,0,0,1,1,0
725,33,7,115182.84,3,1,0,177279.41,1220,1,0,0,1,0
661,33,9,0,3,1,0,84174.81,665,0,0,1,0,1
585,38,5,0,4,1,0,87363.56,3253,0,0,1,1,0
670,38,10,89416.99,4,0,1,144275.39,5622,0,0,1,0,1
730,37,1,0,3,1,0,124364.63,5587,0,0,1,1,0
511,46,1,0,4,1,0,115779.48,6272,0,0,1,1,0
706,46,7,111288.18,4,1,0,149170.25,7841,1,0,0,1,0
677,49,3,0,3,1,0,187811.71,6671,0,0,1,1,0
501,34,7,93244.42,4,0,0,199805.63,6125,1,0,0,1,0
703,45,5,0,3,1,1,131906.44,3689,0,0,1,1,0
742,39,8,140004.96,4,1,0,92985.78,9172,0,0,1,0,1
572,47,2,0,3,1,1,36099.7,4581,0,0,1,1,0
711,33,1,0,4,0,1,41590.4,8123,0,0,1,0,1
596,47,6,0,4,1,1,74835.65,915,0,0,1,0,1
567,35,8,153137.74,4,1,1,88659.07,7479,0,1,0,0,1
743,45,7,157332.26,4,1,1,125424.42,6426,0,1,0,0,1
737,36,9,0,4,0,0,188670.9,1845,0,0,1,0,1
577,29,7,0,3,1,0,55473.15,3019,0,0,1,0,1
602,38,2,71667.97,3,0,1,137111.89,8607,1,0,0,0,1
637,27,7,135842.89,4,1,0,101418.05,4406,1,0,0,1,0
575,54,9,68332.96,4,1,0,144390.75,6794,0,0,1,1,0
661,20,8,0,4,1,1,110252.53,9006,0,1,0,0,1
593,62,3,118233.81,4,0,0,24765.53,1328,1,0,0,1,0
732,42,2,118889.66,3,0,1,87422.15,4284,1,0,0,1,0
674,47,6,106901.94,4,1,0,2079.2,551,1,0,0,0,1
825,29,3,148874.01,3,0,0,71192.82,8243,0,0,1,0,1
658,55,8,119327.93,4,0,0,119439.66,7471,1,0,0,1,0
711,52,8,145262.54,4,0,0,131473.31,7530,1,0,0,1,0
663,32,3,108586.86,4,1,0,182355.21,2359,1,0,0,0,1
681,48,5,139714.4,3,0,1,73066.72,7001,1,0,0,0,1
433,49,10,0,4,1,0,87711.61,7848,0,0,1,1,0
567,35,5,166118.45,3,1,1,127827.18,2048,0,0,1,1,0
633,29,7,169988.35,4,1,1,4272,1466,0,0,1,1,0
637,43,1,135645.29,3,0,0,101382.86,8815,1,0,0,0,1
628,45,8,0,3,1,1,193903.06,6434,0,0,1,1,0
684,41,1,134177.06,4,0,1,177506.66,5286,0,1,0,1,0
599,44,10,118577.24,4,1,0,31448.52,2936,0,0,1,0,1
685,33,6,0,4,1,1,58458.26,7562,0,0,1,0,1
633,39,2,0,3,0,1,191207.03,5916,0,1,0,1,0
584,59,1,0,4,0,0,130260.11,1746,0,1,0,1,0
519,39,1,97700.02,4,1,0,30709.03,3883,0,0,1,0,1
544,64,3,124043.8,4,1,0,111402.97,1519,0,0,1,1,0
850,38,7,115378.94,4,0,0,162087.82,5938,0,1,0,0,1
670,45,9,104930.38,4,1,1,155921.81,4399,0,0,1,1,0
651,34,9,0,3,1,1,138113.71,5474,0,0,1,1,0
476,32,6,111871.93,4,0,1,112132.86,2503,0,0,1,1,0
607,40,5,90594.55,4,0,0,181598.25,5886,1,0,0,0,1
667,71,4,137260.78,4,0,0,94433.08,5664,0,1,0,0,1
729,34,9,132121.71,4,0,0,105409.31,3954,0,0,1,1,0
726,29,7,0,3,1,0,91844.14,5167,0,0,1,0,1
543,41,6,143350.41,4,1,0,192070.16,7735,1,0,0,0,1
622,26,9,0,3,1,0,153237.59,541,0,0,1,0,1
431,37,0,120764.08,4,1,0,117023.08,1359,0,0,1,0,1
719,47,9,116393.59,4,1,1,63051.32,1985,0,1,0,1,0
598,34,0,104488.17,4,0,0,43249.67,8213,0,1,0,0,1
680,33,10,183768.47,4,1,1,164119.35,9495,0,0,1,0,1
768,36,3,141334.95,4,0,0,125870.5,9036,0,0,1,1,0
570,23,2,0,4,0,1,198830.98,6880,0,0,1,0,1
680,34,9,0,3,1,0,95686.6,9641,0,0,1,0,1
542,34,8,108653.93,4,0,0,144725.14,5747,0,1,0,0,1
544,37,2,79731.91,4,1,0,57558.95,253,1,0,0,0,1
632,41,3,81877.38,4,1,0,33642.21,660,1,0,0,1,0
707,34,9,162691.16,3,1,1,94912.78,6828,1,0,0,0,1
681,42,3,118199.97,3,1,1,9452.88,2241,1,0,0,0,1
698,39,4,0,3,0,0,47455.82,8691,0,0,1,1,0
689,30,5,136650.89,4,1,0,41865.72,7201,1,0,0,1,0
849,35,4,110837.73,4,0,1,126419.8,7976,0,0,1,0,1
722,37,9,0,3,1,1,31921.95,8594,0,1,0,0,1
730,34,5,122453.37,3,1,1,138882.98,974,0,0,1,0,1
774,34,4,120875.23,3,0,0,113407.26,8941,1,0,0,0,1
613,39,8,118201.41,4,1,1,23315.59,6963,0,1,0,0,1
476,40,4,0,3,0,1,182547.04,4306,0,0,1,1,0
477,39,4,182491.57,4,1,1,185830.72,8205,1,0,0,1,0
702,60,5,138597.54,3,1,0,41536.59,9073,1,0,0,1,0
555,44,3,105770.7,2,1,1,60533.96,5922,0,0,1,1,0
626,23,6,85897.95,4,1,1,109742.8,7411,1,0,0,1,0
596,29,2,0,3,1,0,1591.19,9268,0,1,0,0,1
556,51,8,61354.14,4,1,1,198810.65,5018,0,0,1,1,0
623,44,1,83325.77,4,0,0,80828.78,5771,0,1,0,0,1
772,34,9,0,3,1,1,170980.86,8939,0,0,1,0,1
668,43,1,147167.25,4,0,1,141679.73,6924,0,1,0,0,1
831,44,3,111100.98,4,1,0,28144.07,5398,1,0,0,0,1
712,52,9,0,4,1,0,117977.45,4127,0,1,0,0,1
592,41,2,138734.94,4,1,1,90020.74,3297,0,1,0,1,0
646,37,7,96558.66,4,0,1,163427.18,1516,0,0,1,1,0
833,32,6,0,4,1,0,44323.22,6101,0,1,0,0,1
678,30,0,0,4,1,1,35113.08,1035,0,1,0,0,1
635,29,2,0,3,0,1,117173.8,9678,0,1,0,0,1
520,42,6,0,3,1,0,34410.55,33,0,1,0,1,0
670,45,5,47884.92,4,1,0,54340.24,6268,0,0,1,1,0
588,46,8,0,4,1,1,61931.21,2933,0,1,0,0,1
755,28,7,124540.28,4,0,0,188850.89,8570,0,0,1,1,0
749,40,8,141782.57,3,0,1,86333.63,683,1,0,0,1,0
721,36,1,155176.83,3,1,0,49653.37,7214,0,0,1,0,1
612,35,3,0,4,1,0,48108.72,3705,0,0,1,1,0
523,34,7,0,3,1,1,62030.06,244,0,1,0,0,1
846,61,0,0,3,1,0,96202.44,9391,0,1,0,0,1
818,72,8,135290.42,3,1,0,63729.72,7057,1,0,0,1,0
548,38,0,178056.54,3,1,1,38434.73,4532,0,1,0,0,1
534,52,1,0,2,1,0,104035.41,4579,0,0,1,0,1
523,63,6,116227.27,4,1,0,119404.63,1235,1,0,0,0,1
695,45,9,43134.65,4,0,0,77330.35,3858,0,0,1,0,1
746,24,3,137492.35,3,0,0,170142.09,1238,0,0,1,0,1
477,47,9,144900.58,4,1,1,61315.37,6138,0,0,1,0,1
512,41,7,122403.24,4,0,0,37439.9,8434,1,0,0,0,1
521,40,9,134504.78,4,1,1,18082.06,1418,1,0,0,1,0
696,66,7,119499.42,3,1,0,174027.3,6970,1,0,0,1,0
659,36,2,76190.48,3,1,0,149066.14,704,1,0,0,0,1
597,46,4,0,3,1,1,58667.16,3443,0,1,0,1,0
775,32,8,121669.23,4,0,0,125898.39,4138,1,0,0,0,1
533,43,4,80442.06,3,0,0,12537.42,6129,1,0,0,0,1
848,40,3,110929.96,4,1,0,30876.84,574,0,1,0,0,1
704,47,5,0,3,1,0,145338.61,8130,0,0,1,0,1
773,51,4,0,3,0,1,123587.83,9203,0,1,0,0,1
410,50,2,102278.79,3,1,1,89822.48,4659,1,0,0,1,0
850,19,8,0,4,1,0,68569.89,6887,0,0,1,0,1
689,58,5,0,3,0,0,49848.86,4063,0,0,1,1,0
695,35,7,79858.13,3,1,0,127977.66,9585,0,1,0,1,0
682,69,6,0,3,0,0,149604.18,9506,0,0,1,0,1
585,67,5,113978.97,3,0,0,93146.11,234,0,0,1,1,0
588,44,8,154409.74,4,1,1,49324.03,6984,0,0,1,0,1
624,35,0,180303.24,3,1,1,163587.9,1467,1,0,0,1,0
695,23,1,0,3,1,0,141756.32,5352,0,0,1,1,0
700,34,2,76322.69,4,1,1,128136.29,2162,0,0,1,1,0
712,33,3,153819.58,4,1,1,79176.09,5371,0,0,1,0,1
642,30,8,134497.27,4,0,1,43250.54,4601,1,0,0,0,1
765,36,8,92310.54,3,1,0,72924.56,495,1,0,0,0,1
745,35,9,92566.53,3,1,1,161519.77,572,0,0,1,0,1
628,50,8,0,4,0,1,144366.83,6726,0,1,0,0,1
802,41,4,90757.64,3,0,0,169183.66,5815,1,0,0,1,0
711,29,9,0,3,0,0,3234.8,6455,0,0,1,1,0
432,38,7,0,3,1,1,150580.88,1102,0,1,0,0,1
546,28,8,0,4,1,1,159254.29,1145,0,0,1,0,1
525,33,5,0,3,1,1,161002.29,6009,0,1,0,0,1
605,43,8,125338.8,3,1,1,23970.13,4156,1,0,0,1,0
588,48,1,143279.58,3,1,1,31580.8,5510,1,0,0,1,0
549,54,5,92877.33,4,1,1,2619.64,4343,1,0,0,0,1
696,47,1,106758.6,4,1,0,80591.18,5806,0,1,0,0,1
666,40,2,0,3,0,1,36371.27,4412,0,0,1,1,0
501,27,4,95331.83,3,1,1,132104.76,4029,1,0,0,0,1
732,36,7,126195.81,4,1,0,133172.48,1091,0,0,1,0,1
566,44,5,0,3,1,1,66462.79,3925,0,1,0,0,1
763,35,7,115651.6,3,1,0,104706.29,3524,0,0,1,1,0
716,31,8,109578.04,3,1,0,51503.51,9630,0,0,1,0,1
636,45,7,139859.23,4,1,0,108402.54,3857,0,0,1,1,0
614,37,8,75150.34,1,0,0,131766.67,2499,0,0,1,1,0
706,20,8,0,3,1,0,12368.11,2250,0,1,0,0,1
713,44,1,63438.91,4,1,1,64375.4,2134,0,0,1,0,1
686,22,8,0,3,0,1,142331.85,5579,0,1,0,0,1
655,20,7,134397.61,4,0,1,28029.54,4024,0,0,1,1,0
598,40,9,0,4,1,1,68462.59,5873,0,0,1,1,0
601,35,2,0,3,1,0,118983.18,4251,0,0,1,0,1
660,34,8,106486.66,3,0,0,182262.66,8746,0,0,1,0,1
558,58,2,142537.18,4,1,0,88791.83,9338,1,0,0,0,1
538,43,5,0,3,1,1,126933.73,6452,0,1,0,0,1
790,26,4,141581.71,3,0,1,98309.27,1098,0,0,1,1,0
550,33,4,118400.91,4,0,0,13999.64,7455,1,0,0,0,1
752,36,7,0,3,1,1,184866.86,4846,0,0,1,1,0
712,29,7,147199.07,4,1,0,84932.4,390,1,0,0,1,0
615,41,4,0,4,0,0,149278.96,7032,0,1,0,0,1
576,50,8,0,3,1,0,57802.62,8078,0,0,1,1,0
629,39,2,129669.32,3,1,1,82774.07,3750,0,0,1,0,1
729,46,5,117837.43,4,1,1,104016.61,2009,1,0,0,0,1
557,68,2,100194.44,4,1,0,38596.34,2760,1,0,0,0,1
695,40,7,139022.24,4,0,0,193383.13,1662,1,0,0,0,1
592,28,5,137222.77,4,0,1,39608.58,8505,0,0,1,0,1
743,39,8,0,4,1,1,94263.44,4398,0,0,1,1,0
622,29,7,101486.96,4,1,0,8788.35,7422,0,0,1,0,1
670,42,5,49508.79,2,1,0,100324.01,5366,1,0,0,1,0
576,45,5,133618.01,4,0,1,135244.87,7105,0,1,0,0,1
454,40,2,123177.01,4,1,1,148309.98,4753,0,1,0,0,1
484,29,4,130114.39,4,1,1,164017.89,170,0,0,1,1,0
685,20,4,104719.94,3,1,1,38691.34,5218,0,0,1,0,1
645,38,7,59568.57,4,1,0,167723.25,9382,0,0,1,1,0
741,40,4,104784.23,4,1,1,135163.76,3553,0,1,0,0,1
693,43,4,152341.55,4,1,1,9241.78,2826,0,0,1,1,0
787,33,1,126588.81,3,0,0,62163.53,2167,0,0,1,0,1
538,42,9,0,4,0,1,152855.96,2919,0,1,0,1,0
478,32,6,71187.24,4,1,0,110593.62,4580,0,0,1,1,0
579,36,9,129829.59,4,1,0,60906.12,1240,0,0,1,0,1
543,37,3,0,3,1,0,78915.68,3482,0,1,0,0,1
520,34,4,134007.9,4,1,0,193209.11,4085,0,0,1,0,1
757,33,1,122088.67,4,1,1,42581.09,7721,1,0,0,0,1
672,40,4,89025.88,3,1,1,188892.19,9146,1,0,0,0,1
717,42,5,0,3,1,1,172665.21,1237,0,0,1,0,1
586,33,7,0,3,1,0,168261.4,7925,0,1,0,1,0
527,25,6,0,3,0,0,96758.58,3315,0,0,1,1,0
730,38,0,38848.19,3,0,1,94003.11,3992,1,0,0,0,1
623,34,9,0,4,1,1,24255.21,8052,0,0,1,1,0
736,26,4,135889.13,4,1,0,165692.03,3125,0,1,0,1,0
671,45,6,99564.22,4,1,0,108872.45,224,1,0,0,0,1
497,47,6,0,4,1,0,90055.08,735,0,0,1,0,1
582,33,2,122394,4,1,0,22113.93,8973,1,0,0,0,1
687,21,8,0,3,1,0,154767.34,1577,0,1,0,1,0
600,30,2,119755,4,1,0,21852.91,9798,1,0,0,0,1
667,42,9,0,3,0,0,58137.42,671,0,0,1,0,1
775,30,4,0,3,0,0,57461.13,1363,0,1,0,0,1
663,52,0,136298.65,4,1,1,144593.3,6368,0,1,0,0,1
458,35,9,146780.52,3,1,0,3476.38,6214,1,0,0,0,1
651,36,8,0,3,1,1,91652.43,4226,0,1,0,1,0
795,40,2,101891.1,4,1,0,183044.86,9896,0,0,1,1,0
655,50,10,0,1,1,1,179267.94,2509,0,0,1,1,0
546,36,7,85660.96,4,0,1,134778.01,9026,0,1,0,1,0
639,35,5,136526.26,3,1,1,59653.03,7947,0,1,0,1,0
707,46,7,127476.73,3,1,0,146011.55,8178,0,0,1,1,0
627,70,1,94416.78,4,0,0,145299.5,9380,0,0,1,0,1
582,41,6,70349.48,3,0,0,178074.04,39,1,0,0,0,1
563,22,3,137583.04,4,0,0,5791.85,7858,0,0,1,0,1
679,36,1,97234.58,4,1,1,188997.08,4191,0,0,1,0,1
596,33,8,0,4,1,1,121189.3,6284,0,0,1,0,1
662,39,5,139562.05,3,1,1,61636.22,9305,0,0,1,1,0
533,36,7,85311.7,4,0,0,156731.91,31,0,0,1,0,1
669,23,1,0,3,0,1,66088.83,722,0,0,1,0,1
711,36,8,0,3,1,1,55207.41,4780,0,1,0,0,1
622,33,3,96926.12,3,1,1,48553.77,7953,1,0,0,0,1
680,44,0,129974.79,3,1,0,33391.38,4022,1,0,0,0,1
573,38,4,0,3,1,0,196517.43,5485,0,1,0,0,1
632,34,2,0,3,0,1,165385.55,8482,0,0,1,1,0
850,39,8,0,3,1,0,37090.44,8805,0,1,0,0,1
626,26,8,0,3,0,1,191420.71,415,0,1,0,0,1
549,52,1,0,4,0,0,8636.05,126,0,0,1,1,0
609,45,4,89122.3,4,1,0,199256.98,3789,0,1,0,1,0
675,33,6,0,3,1,1,34045.61,7195,0,0,1,1,0
589,29,2,0,3,0,0,98320.27,2958,0,0,1,0,1
611,34,4,0,3,1,1,170950.58,1461,0,1,0,0,1
585,32,8,144705.87,3,0,1,171482.56,4894,0,0,1,1,0
663,30,4,0,2,1,1,101371.05,5188,0,1,0,0,1
709,36,8,0,3,1,0,69676.55,8278,0,0,1,1,0
824,30,0,133634.02,4,1,0,162053.92,1294,0,0,1,0,1
650,42,4,194532.66,4,1,1,171045.31,7327,0,1,0,0,1
767,35,2,0,3,0,1,144251.38,8633,0,0,1,1,0
650,55,2,140891.46,2,1,0,179834.45,5093,1,0,0,1,0
518,50,4,0,4,0,1,107112.25,8955,0,1,0,0,1
664,44,7,77526.66,2,0,1,57338.56,7242,0,1,0,0,1
832,61,2,0,4,0,0,127804.66,5742,0,0,1,0,1
707,51,10,98438.23,4,0,1,70778.63,4892,1,0,0,1,0
753,92,3,121513.31,4,0,0,195563.99,6443,0,0,1,0,1
532,37,5,0,3,0,0,6761.84,8668,0,1,0,1,0
618,40,0,140306.38,4,1,1,160618.61,8265,1,0,0,1,0
567,37,7,0,3,1,0,28690.9,1669,0,0,1,1,0
644,38,3,0,3,1,0,79928.41,6920,0,0,1,0,1
644,40,9,137285.26,1,1,1,77063.63,3152,0,0,1,1,0
562,27,3,0,3,1,1,28137.03,9283,0,0,1,1,0
696,52,6,139781.06,4,1,1,27445.4,2898,0,0,1,0,1
706,39,8,112889.91,4,0,0,6723.66,5925,1,0,0,1,0
698,27,7,0,3,1,1,111471.55,7497,0,0,1,0,1
472,32,1,159397.75,4,0,0,57323.18,6678,0,1,0,1,0
762,43,5,134204.67,4,1,0,139971.01,8690,0,1,0,1,0
437,26,1,120923.52,4,0,0,78854.57,6648,0,0,1,1,0
833,34,3,144751.81,4,0,1,166472.81,9971,0,0,1,1,0
694,31,5,0,4,1,1,35593.18,6632,0,1,0,0,1
758,40,3,0,3,0,1,96097.65,7092,0,1,0,0,1
547,22,7,141287.15,4,1,1,118142.79,7309,0,1,0,1,0
786,35,3,0,3,1,1,92712.97,4665,0,0,1,0,1
595,53,7,0,3,1,1,41371.68,5926,0,0,1,1,0
632,36,7,0,3,1,0,52526.65,1831,0,0,1,1,0
709,23,10,0,3,0,1,129590.18,410,0,1,0,0,1
607,40,1,112544.45,4,1,0,19842.22,9870,0,1,0,0,1
479,34,5,117593.48,3,0,1,113308.29,9964,0,0,1,0,1
720,45,1,102882.4,3,1,0,35633.15,2049,0,0,1,1,0
821,31,2,68927.57,4,1,0,25445,7256,1,0,0,1,0
599,25,6,120383.41,4,1,0,24903.09,2749,0,0,1,0,1
560,43,4,95140.44,3,1,1,123181.44,3273,0,1,0,1,0
735,34,1,141796.43,4,1,1,45858.49,8682,0,0,1,0,1
653,60,2,120731.39,1,1,0,138160.11,3841,0,0,1,1,0
672,21,1,35741.69,4,1,1,28789.94,6411,1,0,0,1,0
605,31,1,117992.59,4,1,0,183598.77,476,1,0,0,1,0
850,50,10,0,3,1,0,33741.84,1872,0,1,0,1,0
686,47,5,170935.94,4,1,1,173179.79,1070,1,0,0,1,0
627,62,3,143426.34,3,1,0,143104.3,5867,1,0,0,0,1
724,30,7,115315.04,4,1,1,15216.53,1270,1,0,0,0,1
498,46,1,91857.66,4,1,1,101954.78,5855,0,0,1,0,1
650,23,5,0,4,1,0,180622.43,4290,0,1,0,1,0
702,32,8,71667.74,4,1,0,126082.18,2406,0,1,0,0,1
737,43,0,80090.93,4,1,1,39920,5540,0,0,1,0,1
708,32,3,151691.44,3,1,0,172810.51,3855,1,0,0,0,1
767,45,7,132746.2,3,1,1,26628.88,8398,1,0,0,1,0
559,62,6,118756.62,4,1,0,20367.68,9582,0,0,1,0,1
507,36,4,83543.37,4,0,1,140134.43,839,0,0,1,0,1
669,46,3,0,3,0,0,8487.75,23,0,0,1,0,1
561,49,8,0,3,1,0,12513.07,8605,0,0,1,1,0
619,42,8,132796.04,2,1,0,191821.35,7590,1,0,0,1,0
550,42,10,128707.31,4,1,1,63092.65,9536,1,0,0,1,0
558,33,0,108477.49,4,1,0,109096.71,8838,0,0,1,0,1
548,41,4,82596.8,4,0,0,55672.09,6078,0,0,1,1,0
628,39,1,115341.19,4,1,0,107674.3,6929,1,0,0,0,1
771,32,5,62321.62,4,1,0,40920.59,1597,0,0,1,0,1
634,36,1,69518.95,4,1,1,116238.39,8005,0,0,1,1,0
468,32,8,137649.47,4,0,1,198714.29,3545,0,0,1,1,0
689,31,3,139799.63,4,0,0,120663.57,2470,0,1,0,1,0
809,50,10,118098.62,4,1,0,100720.02,7662,1,0,0,0,1
646,51,4,101629.3,4,0,1,130541.1,5341,0,0,1,1,0
586,32,1,0,3,0,1,31635.99,6882,0,0,1,0,1
718,35,2,167924.95,4,1,1,43024.64,4074,0,0,1,1,0
650,32,4,79450.09,4,1,0,118324.75,8972,0,1,0,1,0
850,40,4,97990.49,3,0,1,106691.02,6178,1,0,0,1,0
766,28,3,62717.84,3,1,0,13182.43,7859,1,0,0,1,0
720,59,6,0,3,1,0,160849.43,5326,0,1,0,1,0
669,51,3,88827.53,4,0,1,85250.77,5838,0,1,0,0,1
593,45,4,138825.19,4,0,1,10828.78,9685,0,0,1,0,1
600,31,8,0,3,1,0,121555.51,9674,0,0,1,0,1
601,43,3,141859.12,3,1,0,111249.62,6092,1,0,0,0,1
562,48,3,92347.96,4,1,0,163116.75,5861,0,0,1,0,1
833,29,1,96462.25,3,0,0,48986.18,4575,1,0,0,0,1
593,29,2,152265.43,4,1,1,34004.44,369,0,0,1,1,0
682,26,8,0,3,1,1,178373.43,7583,0,0,1,0,1
565,38,2,158651.29,3,1,0,179445.28,1861,1,0,0,1,0
731,30,7,0,3,1,0,184581.68,3657,0,0,1,0,1
579,37,5,152212.88,3,0,1,120219.14,1286,0,1,0,0,1
769,48,2,96542.16,3,0,0,197885.72,4687,0,0,1,0,1
850,36,5,119984.07,4,1,1,191535.11,5559,1,0,0,0,1
691,37,7,123067.63,4,1,0,98162.44,6065,1,0,0,1,0
480,35,2,165692.91,4,1,0,197984.58,2189,0,0,1,0,1
677,43,3,133214.88,3,1,0,95936.84,5654,0,1,0,1,0
627,27,2,0,3,1,1,125451.01,9759,0,0,1,1,0
850,37,3,212778.2,4,0,0,69372.88,1533,0,0,1,1,0
633,42,10,0,4,0,0,79408.17,7971,0,1,0,0,1
581,26,3,105099.45,4,1,0,184520,6109,1,0,0,1,0
777,39,8,0,3,1,0,18613.52,6224,0,0,1,0,1
643,45,4,45144.43,4,1,1,60917.24,883,0,0,1,1,0
707,32,9,0,3,1,1,126475.79,8001,0,1,0,0,1
675,34,1,124619.33,3,0,0,163667.56,3557,0,0,1,0,1
737,38,6,146282.79,3,1,1,198516.2,2060,0,1,0,0,1
677,40,7,95312.8,4,1,0,62944.75,7631,0,1,0,0,1
625,39,2,0,3,1,1,100403.05,3955,0,0,1,0,1
586,38,2,136858.42,4,0,0,189143.94,9730,1,0,0,0,1
672,53,7,0,4,1,0,136910.18,1453,0,0,1,1,0
850,35,2,80931.75,4,0,1,12639.67,3170,1,0,0,1,0
730,25,5,167385.81,4,1,0,56307.51,8659,0,1,0,0,1
521,37,5,105843.26,3,1,0,84908.2,7241,0,0,1,0,1
668,72,2,0,3,1,0,70783.61,8865,0,0,1,0,1
655,29,9,0,3,0,0,85736.26,5069,0,1,0,1,0
760,43,6,175735.5,4,1,0,157337.29,8986,0,1,0,0,1
570,36,3,0,3,1,1,92118.75,8920,0,0,1,1,0
777,53,10,0,3,1,1,189992.97,277,0,0,1,1,0
583,47,5,102562.23,4,1,1,92708.1,1640,0,1,0,0,1
529,27,1,0,3,1,0,37769.98,9319,0,0,1,1,0
669,44,8,96418.09,4,0,1,131609.48,2662,0,0,1,1,0
659,29,9,82916.48,4,1,0,84133.48,6925,1,0,0,0,1
791,31,1,130240.33,4,0,1,96546.55,8070,1,0,0,0,1
732,79,10,61811.23,4,1,0,104222.8,3651,0,0,1,0,1
